<?xml version="1.0" encoding="UTF-8"?>
<beans xmlns:xsi="http://www.w3.org/2001/XMLSchema-instance"
       xmlns:context="http://www.springframework.org/schema/context"
       xmlns="http://www.springframework.org/schema/beans"
       xsi:schemaLocation="http://www.springframework.org/schema/beans http://www.springframework.org/schema/beans/spring-beans.xsd http://www.springframework.org/schema/context http://www.springframework.org/schema/context/spring-context.xsd ">

    <context:annotation-config/>
    <context:component-scan base-package="com.krishantha"/>
    <context:property-placeholder location="application.properties"/>
    <bean name="employeeRespository"
          class="com.krishantha.training.salesmanager.respository.HibernateEmployeeRepositoryImpl"/>
    <bean name="employeeService" class="com.krishantha.training.salesmanager.service.EmployeeServiceImpl">
        <!--        <property name="employeeRepository" ref="employeeRespository"/>-->
        <!--        <constructor-arg index="0" ref="employeeRespository" name=""/>-->
        <property name="employeeRepository" ref="employeeRepository"/>
    </bean>
</beans>
